{
  "hybrid": {
    "answer_correctness": 0.6284037936,
    "context_precision": 0.8284226190357142,
    "context_recall": 0.9196428571428571,
    "faithfulness": 0.8483036477868421,
    "answer_relevancy": 0.9061474915578948
  },
  "dense": {
    "answer_correctness": 0.5300808868178571,
    "context_precision": 0.7059027777535715,
    "context_recall": 0.752976190475,
    "faithfulness": 0.7575249604675676,
    "answer_relevancy": 0.8097149778052631
  },
  "sparse": {
    "answer_correctness": 0.6679231884392857,
    "context_precision": 0.8444940476035714,
    "context_recall": 0.9017857142857143,
    "faithfulness": 0.8317157524289474,
    "answer_relevancy": 0.9144102409263158
  },
  "none": {
    "answer_correctness": 0.39953853635714287,
    "answer_relevancy": 0.8571483870473684
  }
}